State,Year-Quarter,Average Price,Median Price
US,2000Q1,151780,125839.00
US,2000Q2,156640,129682.00
US,2000Q3,159992,132229.00
US,2000Q4,162280,133976.00
US,2001Q1,165042,136041.00
US,2001Q2,169103,139396.00
US,2001Q3,172401,142066.00
US,2001Q4,173836,143273.00
US,2002Q1,176125,145167.00
US,2002Q2,181932,149971.00
US,2002Q3,186200,153684.00
US,2002Q4,188517,156064.00
US,2003Q1,190666,158276.00
US,2003Q2,195968,162913.00
US,2003Q3,200897,167241.00
US,2003Q4,204227,170483.00
US,2004Q1,207787,173706.00
US,2004Q2,216736,181368.00
US,2004Q3,223330,187454.00
US,2004Q4,228014,191738.00
US,2005Q1,233540,196792.00
US,2005Q2,243226,205493.00
US,2005Q3,251246,212611.00
US,2005Q4,255357,216396.00
US,2006Q1,258060,218853.00
US,2006Q2,263336,223234.00
US,2006Q3,264185,223897.00
US,2006Q4,262391,222314.00
US,2007Q1,260655,220729.00
US,2007Q2,261131,220901.00
US,2007Q3,257231,217340.00
US,2007Q4,248203,209444.00
US,2008Q1,239418,201688.00
US,2008Q2,235779,198428.00
US,2008Q3,229532,193009.00
US,2008Q4,218349,183464.00
US,2009Q1,211055,177236.00
US,2009Q2,212347,178376.00
US,2009Q3,213983,179773.00
US,2009Q4,212810,178813.00
US,2010Q1,208507,175150.00
US,2010Q2,214594,180176.00
AK,2000Q1,159887,148406.00
AK,2000Q2,166115,153989.00
AK,2000Q3,166536,154215.00
AK,2000Q4,165892,153208.00
AK,2001Q1,168500,155637.00
AK,2001Q2,173264,159871.00
AK,2001Q3,175048,161249.00
AK,2001Q4,177433,163249.00
AK,2002Q1,175754,161283.00
AK,2002Q2,181469,166536.00
AK,2002Q3,184992,169376.00
AK,2002Q4,185335,169719.00
AK,2003Q1,189930,173874.00
AK,2003Q2,191422,174999.00
AK,2003Q3,194297,177637.00
AK,2003Q4,197648,180618.00
AK,2004Q1,201036,183544.00
AK,2004Q2,208921,190242.00
AK,2004Q3,212760,193471.00
AK,2004Q4,215168,195223.00
AK,2005Q1,223116,201983.00
AK,2005Q2,230912,209140.00
AK,2005Q3,239020,216474.00
AK,2005Q4,240658,218128.00
AK,2006Q1,244673,221543.00
AK,2006Q2,253254,229771.00
AK,2006Q3,257890,234228.00
AK,2006Q4,257267,233691.00
AK,2007Q1,255539,232378.00
AK,2007Q2,266963,242723.00
AK,2007Q3,265348,241502.00
AK,2007Q4,261806,238102.00
AK,2008Q1,255563,232344.00
AK,2008Q2,262607,238788.00
AK,2008Q3,264579,240408.00
AK,2008Q4,255108,231877.00
AK,2009Q1,263611,240012.00
AK,2009Q2,263559,240542.00
AK,2009Q3,258839,236633.00
AK,2009Q4,258650,236921.00
AK,2010Q1,253296,232280.00
AK,2010Q2,263931,241750.00
AL,2000Q1,112059,95800.00
AL,2000Q2,113114,96711.00
AL,2000Q3,113934,97330.00
AL,2000Q4,114645,97757.00
AL,2001Q1,115667,98615.00
AL,2001Q2,117095,99973.00
AL,2001Q3,117692,100372.00
AL,2001Q4,118598,100980.00
AL,2002Q1,119181,101424.00
AL,2002Q2,120692,102659.00
AL,2002Q3,122459,104145.00
AL,2002Q4,123770,105227.00
AL,2003Q1,125190,106260.00
AL,2003Q2,126787,107473.00
AL,2003Q3,129213,109365.00
AL,2003Q4,129937,109838.00
AL,2004Q1,130044,109873.00
AL,2004Q2,133034,112193.00
AL,2004Q3,136217,114711.00
AL,2004Q4,138186,116313.00
AL,2005Q1,140834,118309.00
AL,2005Q2,144961,121646.00
AL,2005Q3,147957,124018.00
AL,2005Q4,151382,126962.00
AL,2006Q1,155206,130112.00
AL,2006Q2,159045,133237.00
AL,2006Q3,160028,133947.00
AL,2006Q4,160952,134610.00
AL,2007Q1,161963,135430.00
AL,2007Q2,163890,136979.00
AL,2007Q3,163822,136877.00
AL,2007Q4,161288,134748.00
AL,2008Q1,160548,134181.00
AL,2008Q2,161279,134868.00
AL,2008Q3,159344,133276.00
AL,2008Q4,155396,130043.00
AL,2009Q1,153833,128671.00
AL,2009Q2,157640,131862.00
AL,2009Q3,156953,131482.00
AL,2009Q4,155248,130176.00
AL,2010Q1,150343,126515.00
AL,2010Q2,153099,128969.00
AR,2000Q1,90979,78522.00
AR,2000Q2,93186,80344.00
AR,2000Q3,92914,79967.00
AR,2000Q4,94746,81400.00
AR,2001Q1,95404,81758.00
AR,2001Q2,97110,83222.00
AR,2001Q3,98921,84697.00
AR,2001Q4,99591,85214.00
AR,2002Q1,101069,86337.00
AR,2002Q2,102273,87240.00
AR,2002Q3,104539,89150.00
AR,2002Q4,104992,89419.00
AR,2003Q1,107365,91427.00
AR,2003Q2,108116,92147.00
AR,2003Q3,110615,94125.00
AR,2003Q4,110787,94225.00
AR,2004Q1,113078,95914.00
AR,2004Q2,115625,97912.00
AR,2004Q3,117440,99408.00
AR,2004Q4,119321,100952.00
AR,2005Q1,122707,103854.00
AR,2005Q2,124204,105146.00
AR,2005Q3,127871,108296.00
AR,2005Q4,129984,110116.00
AR,2006Q1,131260,111259.00
AR,2006Q2,134196,113705.00
AR,2006Q3,135559,114829.00
AR,2006Q4,136320,115385.00
AR,2007Q1,137348,116286.00
AR,2007Q2,139138,117858.00
AR,2007Q3,139900,118435.00
AR,2007Q4,137959,116865.00
AR,2008Q1,137698,116835.00
AR,2008Q2,138212,117296.00
AR,2008Q3,138416,117772.00
AR,2008Q4,134136,114214.00
AR,2009Q1,133810,114314.00
AR,2009Q2,136375,116962.00
AR,2009Q3,138435,119079.00
AR,2009Q4,137123,118260.00
AR,2010Q1,134990,116762.00
AR,2010Q2,139124,120560.00
AZ,2000Q1,214913,124371.00
AZ,2000Q2,224380,126866.00
AZ,2000Q3,226709,128346.00
AZ,2000Q4,223957,129577.00
AZ,2001Q1,224887,130653.00
AZ,2001Q2,225150,133381.00
AZ,2001Q3,224610,134698.00
AZ,2001Q4,223111,135843.00
AZ,2002Q1,220568,136891.00
AZ,2002Q2,222979,139521.00
AZ,2002Q3,223622,141045.00
AZ,2002Q4,222823,142587.00
AZ,2003Q1,213908,144509.00
AZ,2003Q2,215830,147422.00
AZ,2003Q3,212945,149961.00
AZ,2003Q4,216347,153006.00
AZ,2004Q1,218421,156936.00
AZ,2004Q2,225786,163014.00
AZ,2004Q3,228970,171286.00
AZ,2004Q4,240272,181057.00
AZ,2005Q1,253410,193635.00
AZ,2005Q2,268264,212106.00
AZ,2005Q3,290436,230462.00
AZ,2005Q4,298443,240730.00
AZ,2006Q1,304766,248211.00
AZ,2006Q2,312687,254590.00
AZ,2006Q3,312950,254655.00
AZ,2006Q4,310911,252727.00
AZ,2007Q1,307416,249599.00
AZ,2007Q2,303337,245917.00
AZ,2007Q3,292675,236841.00
AZ,2007Q4,277359,224075.00
AZ,2008Q1,262182,211527.00
AZ,2008Q2,247428,199707.00
AZ,2008Q3,228897,185361.00
AZ,2008Q4,206388,167384.00
AZ,2009Q1,188271,153018.00
AZ,2009Q2,185037,150651.00
AZ,2009Q3,184431,150003.00
AZ,2009Q4,184690,150065.00
AZ,2010Q1,180163,145994.00
AZ,2010Q2,182553,147669.00
CA,2000Q1,276912,211595.00
CA,2000Q2,290722,223084.00
CA,2000Q3,300271,229931.00
CA,2000Q4,309806,237466.00
CA,2001Q1,318995,244646.00
CA,2001Q2,325325,249987.00
CA,2001Q3,330684,254421.00
CA,2001Q4,330703,255572.00
CA,2002Q1,339346,262824.00
CA,2002Q2,357356,277744.00
CA,2002Q3,369879,289038.00
CA,2002Q4,374748,296140.00
CA,2003Q1,379330,303065.00
CA,2003Q2,394507,317058.00
CA,2003Q3,411213,332306.00
CA,2003Q4,423961,347305.00
CA,2004Q1,443938,366422.00
CA,2004Q2,475132,395096.00
CA,2004Q3,497120,418315.00
CA,2004Q4,510719,433090.00
CA,2005Q1,529718,452599.00
CA,2005Q2,556851,479196.00
CA,2005Q3,579640,501917.00
CA,2005Q4,589416,512649.00
CA,2006Q1,596236,519231.00
CA,2006Q2,603563,525761.00
CA,2006Q3,599305,522192.00
CA,2006Q4,588585,512842.00
CA,2007Q1,578003,503230.00
CA,2007Q2,569466,494765.00
CA,2007Q3,548889,475656.00
CA,2007Q4,512118,442517.00
CA,2008Q1,471624,405886.00
CA,2008Q2,448527,384753.00
CA,2008Q3,422404,361489.00
CA,2008Q4,391248,333896.00
CA,2009Q1,365775,311624.00
CA,2009Q2,365711,310985.00
CA,2009Q3,375271,318326.00
CA,2009Q4,379222,321117.00
CA,2010Q1,378054,319578.00
CA,2010Q2,391609,330037.00
CO,2000Q1,190942,163616.00
CO,2000Q2,198368,169611.00
CO,2000Q3,204332,174371.00
CO,2000Q4,210160,178347.00
CO,2001Q1,221643,183643.00
CO,2001Q2,226641,187295.00
CO,2001Q3,231101,190554.00
CO,2001Q4,233334,190689.00
CO,2002Q1,236851,192898.00
CO,2002Q2,241548,196477.00
CO,2002Q3,243229,197892.00
CO,2002Q4,243671,198158.00
CO,2003Q1,244913,198887.00
CO,2003Q2,246934,200440.00
CO,2003Q3,248362,201568.00
CO,2003Q4,250304,202632.00
CO,2004Q1,251612,203287.00
CO,2004Q2,257590,207122.00
CO,2004Q3,261198,209025.00
CO,2004Q4,264385,210735.00
CO,2005Q1,268028,213186.00
CO,2005Q2,275251,218286.00
CO,2005Q3,278998,220478.00
CO,2005Q4,282731,222640.00
CO,2006Q1,279350,223424.00
CO,2006Q2,286413,228039.00
CO,2006Q3,289508,230041.00
CO,2006Q4,286119,228211.00
CO,2007Q1,283502,226029.00
CO,2007Q2,289899,230631.00
CO,2007Q3,288748,229393.00
CO,2007Q4,280208,222413.00
CO,2008Q1,275143,217986.00
CO,2008Q2,277908,220060.00
CO,2008Q3,274087,216946.00
CO,2008Q4,262924,208578.00
CO,2009Q1,260835,206775.00
CO,2009Q2,266450,212434.00
CO,2009Q3,267654,214867.00
CO,2009Q4,265297,214022.00
CO,2010Q1,260061,210270.00
CO,2010Q2,267924,217558.00
CT,2000Q1,222994,177600.00
CT,2000Q2,232693,184460.00
CT,2000Q3,238864,188702.00
CT,2000Q4,242567,191128.00
CT,2001Q1,244284,191731.00
CT,2001Q2,254905,199589.00
CT,2001Q3,260897,203895.00
CT,2001Q4,264019,205979.00
CT,2002Q1,265029,206535.00
CT,2002Q2,278559,216835.00
CT,2002Q3,287216,223295.00
CT,2002Q4,293292,228083.00
CT,2003Q1,295721,229696.00
CT,2003Q2,306402,237997.00
CT,2003Q3,315952,245492.00
CT,2003Q4,321788,249716.00
CT,2004Q1,326995,253119.00
CT,2004Q2,344673,266383.00
CT,2004Q3,356236,275526.00
CT,2004Q4,362148,280361.00
CT,2005Q1,368197,285928.00
CT,2005Q2,384250,299054.00
CT,2005Q3,395439,308286.00
CT,2005Q4,399880,312157.00
CT,2006Q1,399128,312162.00
CT,2006Q2,406989,318130.00
CT,2006Q3,405356,317297.00
CT,2006Q4,403125,315864.00
CT,2007Q1,399419,312416.00
CT,2007Q2,400642,312995.00
CT,2007Q3,401470,312818.00
CT,2007Q4,391806,304527.00
CT,2008Q1,375896,292013.00
CT,2008Q2,374911,291214.00
CT,2008Q3,372316,288765.00
CT,2008Q4,351633,273324.00
CT,2009Q1,335496,261498.00
CT,2009Q2,338600,264642.00
CT,2009Q3,344310,269084.00
CT,2009Q4,343948,269108.00
CT,2010Q1,326239,255298.00
CT,2010Q2,341436,266845.00
DC,2000Q1,207696,157089.00
DC,2000Q2,224523,168031.00
DC,2000Q3,231585,171273.00
DC,2000Q4,235474,172586.00
DC,2001Q1,238373,172733.00
DC,2001Q2,259930,185591.00
DC,2001Q3,276665,194994.00
DC,2001Q4,288640,201233.00
DC,2002Q1,294188,202531.00
DC,2002Q2,316598,217371.00
DC,2002Q3,326902,224497.00
DC,2002Q4,332921,228904.00
DC,2003Q1,339415,233615.00
DC,2003Q2,356384,245428.00
DC,2003Q3,372072,256332.00
DC,2003Q4,379685,261684.00
DC,2004Q1,377444,261677.00
DC,2004Q2,394955,275692.00
DC,2004Q3,410597,288600.00
DC,2004Q4,443075,311648.00
DC,2005Q1,444610,318140.00
DC,2005Q2,461242,333148.00
DC,2005Q3,470168,343910.00
DC,2005Q4,472801,348629.00
DC,2006Q1,476376,355898.00
DC,2006Q2,519688,393050.00
DC,2006Q3,534748,409645.00
DC,2006Q4,537740,415024.00
DC,2007Q1,539249,419726.00
DC,2007Q2,522441,409835.00
DC,2007Q3,534480,421280.00
DC,2007Q4,518776,409345.00
DC,2008Q1,513559,407150.00
DC,2008Q2,504035,401173.00
DC,2008Q3,496906,396890.00
DC,2008Q4,479640,382978.00
DC,2009Q1,468019,372519.00
DC,2009Q2,485239,387887.00
DC,2009Q3,491199,392080.00
DC,2009Q4,482381,386352.00
DC,2010Q1,475001,379016.00
DC,2010Q2,506654,404380.00
DE,2000Q1,151961,136614.00
DE,2000Q2,155302,139155.00
DE,2000Q3,158733,142120.00
DE,2000Q4,164238,146591.00
DE,2001Q1,165672,147554.00
DE,2001Q2,168087,149023.00
DE,2001Q3,171656,151665.00
DE,2001Q4,176754,155650.00
DE,2002Q1,178957,157275.00
DE,2002Q2,184828,162152.00
DE,2002Q3,193184,168761.00
DE,2002Q4,195027,169905.00
DE,2003Q1,199070,173078.00
DE,2003Q2,204747,177839.00
DE,2003Q3,210306,182071.00
DE,2003Q4,219594,189406.00
DE,2004Q1,225558,193058.00
DE,2004Q2,234741,200448.00
DE,2004Q3,246142,209603.00
DE,2004Q4,253165,215208.00
DE,2005Q1,256786,218020.00
DE,2005Q2,270860,230291.00
DE,2005Q3,280466,238631.00
DE,2005Q4,290671,247461.00
DE,2006Q1,293790,250061.00
DE,2006Q2,297254,253541.00
DE,2006Q3,302427,258431.00
DE,2006Q4,301701,258328.00
DE,2007Q1,294958,252952.00
DE,2007Q2,298481,256396.00
DE,2007Q3,293955,253163.00
DE,2007Q4,289797,249970.00
DE,2008Q1,281409,242811.00
DE,2008Q2,275891,237922.00
DE,2008Q3,272102,235186.00
DE,2008Q4,263297,228027.00
DE,2009Q1,254868,221584.00
DE,2009Q2,259306,226222.00
DE,2009Q3,252928,221198.00
DE,2009Q4,255617,223761.00
DE,2010Q1,240480,210901.00
DE,2010Q2,247793,216902.00
FL,2000Q1,132020,104326.00
FL,2000Q2,135866,106929.00
FL,2000Q3,139053,108968.00
FL,2000Q4,142416,111097.00
FL,2001Q1,146083,113448.00
FL,2001Q2,150482,116492.00
FL,2001Q3,154795,119586.00
FL,2001Q4,158129,122195.00
FL,2002Q1,161500,124770.00
FL,2002Q2,166484,128958.00
FL,2002Q3,170773,132771.00
FL,2002Q4,175160,136228.00
FL,2003Q1,179434,139718.00
FL,2003Q2,185168,144363.00
FL,2003Q3,190944,148896.00
FL,2003Q4,197261,153905.00
FL,2004Q1,204502,159566.00
FL,2004Q2,215532,168297.00
FL,2004Q3,227865,178057.00
FL,2004Q4,239228,187448.00
FL,2005Q1,253079,198783.00
FL,2005Q2,271441,213817.00
FL,2005Q3,288508,228067.00
FL,2005Q4,300390,238361.00
FL,2006Q1,307256,244583.00
FL,2006Q2,312639,249393.00
FL,2006Q3,312078,249360.00
FL,2006Q4,308050,246497.00
FL,2007Q1,303518,242906.00
FL,2007Q2,297337,238489.00
FL,2007Q3,282990,227166.00
FL,2007Q4,267614,214618.00
FL,2008Q1,250687,200877.00
FL,2008Q2,236806,189446.00
FL,2008Q3,223340,178351.00
FL,2008Q4,206579,164830.00
FL,2009Q1,191931,153065.00
FL,2009Q2,186466,148494.00
FL,2009Q3,186251,148008.00
FL,2009Q4,186080,147378.00
FL,2010Q1,180836,142743.00
FL,2010Q2,183843,144501.00
GA,2000Q1,140236,120579.00
GA,2000Q2,143649,123226.00
GA,2000Q3,145857,124845.00
GA,2000Q4,147738,126016.00
GA,2001Q1,150112,127799.00
GA,2001Q2,153089,130133.00
GA,2001Q3,154916,131385.00
GA,2001Q4,156868,132715.00
GA,2002Q1,158345,133518.00
GA,2002Q2,161092,135521.00
GA,2002Q3,163092,136848.00
GA,2002Q4,164691,137914.00
GA,2003Q1,166166,138831.00
GA,2003Q2,167693,139987.00
GA,2003Q3,169779,141588.00
GA,2003Q4,170527,142119.00
GA,2004Q1,172031,142973.00
GA,2004Q2,174895,145055.00
GA,2004Q3,177540,146995.00
GA,2004Q4,179614,148470.00
GA,2005Q1,182571,150829.00
GA,2005Q2,185374,153013.00
GA,2005Q3,188531,155395.00
GA,2005Q4,190553,157151.00
GA,2006Q1,191399,157533.00
GA,2006Q2,195244,160246.00
GA,2006Q3,195440,160334.00
GA,2006Q4,195871,160538.00
GA,2007Q1,195748,160456.00
GA,2007Q2,195380,159928.00
GA,2007Q3,192574,157717.00
GA,2007Q4,188138,153925.00
GA,2008Q1,184057,150369.00
GA,2008Q2,181497,148049.00
GA,2008Q3,175575,143082.00
GA,2008Q4,167984,136598.00
GA,2009Q1,162949,132359.00
GA,2009Q2,162666,132044.00
GA,2009Q3,161807,131366.00
GA,2009Q4,158201,128434.00
GA,2010Q1,154968,125626.00
GA,2010Q2,159657,129446.00
HI,2000Q1,293415,241379.00
HI,2000Q2,302533,247629.00
HI,2000Q3,307831,249905.00
HI,2000Q4,311570,252001.00
HI,2001Q1,321125,257853.00
HI,2001Q2,328735,263198.00
HI,2001Q3,333721,267141.00
HI,2001Q4,341364,272457.00
HI,2002Q1,346514,275703.00
HI,2002Q2,362982,288003.00
HI,2002Q3,377717,300370.00
HI,2002Q4,380847,305817.00
HI,2003Q1,394958,317582.00
HI,2003Q2,401151,328551.00
HI,2003Q3,417467,342503.00
HI,2003Q4,442726,363538.00
HI,2004Q1,463796,380670.00
HI,2004Q2,489103,403298.00
HI,2004Q3,522906,431711.00
HI,2004Q4,536827,445867.00
HI,2005Q1,558521,466551.00
HI,2005Q2,598943,502338.00
HI,2005Q3,630171,530527.00
HI,2005Q4,640369,541487.00
HI,2006Q1,648315,550058.00
HI,2006Q2,674123,571578.00
HI,2006Q3,680352,576085.00
HI,2006Q4,688539,581690.00
HI,2007Q1,692564,584871.00
HI,2007Q2,700011,591704.00
HI,2007Q3,696546,587686.00
HI,2007Q4,675358,570409.00
HI,2008Q1,663168,559304.00
HI,2008Q2,671326,565998.00
HI,2008Q3,651846,547782.00
HI,2008Q4,629959,530113.00
HI,2009Q1,615073,519127.00
HI,2009Q2,593203,501318.00
HI,2009Q3,602755,512032.00
HI,2009Q4,593683,505283.00
HI,2010Q1,596863,508661.00
HI,2010Q2,587760,499837.00
IA,2000Q1,102435,89147.00
IA,2000Q2,104684,91055.00
IA,2000Q3,106594,92664.00
IA,2000Q4,105648,91774.00
IA,2001Q1,106658,92626.00
IA,2001Q2,109177,94831.00
IA,2001Q3,110050,95569.00
IA,2001Q4,110683,96088.00
IA,2002Q1,110320,95689.00
IA,2002Q2,113284,98251.00
IA,2002Q3,114685,99336.00
IA,2002Q4,115041,99646.00
IA,2003Q1,115668,100042.00
IA,2003Q2,117302,101393.00
IA,2003Q3,118255,102102.00
IA,2003Q4,118677,102357.00
IA,2004Q1,118876,102477.00
IA,2004Q2,122117,105140.00
IA,2004Q3,123526,106200.00
IA,2004Q4,125046,107372.00
IA,2005Q1,124818,107195.00
IA,2005Q2,128477,110242.00
IA,2005Q3,129380,110887.00
IA,2005Q4,129888,111197.00
IA,2006Q1,131072,112018.00
IA,2006Q2,133171,113469.00
IA,2006Q3,133845,113797.00
IA,2006Q4,132702,112635.00
IA,2007Q1,132163,112016.00
IA,2007Q2,134769,114125.00
IA,2007Q3,136126,115277.00
IA,2007Q4,133720,112968.00
IA,2008Q1,132472,111849.00
IA,2008Q2,134917,113891.00
IA,2008Q3,135822,114722.00
IA,2008Q4,134697,113823.00
IA,2009Q1,131285,110648.00
IA,2009Q2,135399,114185.00
IA,2009Q3,138030,116506.00
IA,2009Q4,137433,115966.00
IA,2010Q1,135523,114494.00
IA,2010Q2,139543,118036.00
ID,2000Q1,111286,97004.00
ID,2000Q2,112847,98475.00
ID,2000Q3,113897,99200.00
ID,2000Q4,114537,99620.00
ID,2001Q1,117481,102027.00
ID,2001Q2,119483,103691.00
ID,2001Q3,120964,104780.00
ID,2001Q4,120158,103905.00
ID,2002Q1,120441,104033.00
ID,2002Q2,124575,107351.00
ID,2002Q3,125313,107827.00
ID,2002Q4,125989,108224.00
ID,2003Q1,128169,109871.00
ID,2003Q2,130786,111852.00
ID,2003Q3,134537,114857.00
ID,2003Q4,135724,115783.00
ID,2004Q1,135372,115404.00
ID,2004Q2,143905,122318.00
ID,2004Q3,148906,126213.00
ID,2004Q4,150619,127474.00
ID,2005Q1,155878,131763.00
ID,2005Q2,164272,138546.00
ID,2005Q3,176421,148473.00
ID,2005Q4,180942,152047.00
ID,2006Q1,188861,158610.00
ID,2006Q2,198346,166198.00
ID,2006Q3,202144,169202.00
ID,2006Q4,204587,170993.00
ID,2007Q1,207133,173380.00
ID,2007Q2,211752,177209.00
ID,2007Q3,211727,177356.00
ID,2007Q4,206191,172703.00
ID,2008Q1,204568,171401.00
ID,2008Q2,203671,171085.00
ID,2008Q3,199564,167839.00
ID,2008Q4,185918,156828.00
ID,2009Q1,181609,153048.00
ID,2009Q2,181880,153644.00
ID,2009Q3,178427,151081.00
ID,2009Q4,169770,144047.00
ID,2010Q1,165859,140814.00
ID,2010Q2,164999,140436.00
IL,2000Q1,148385,125683.00
IL,2000Q2,151809,128220.00
IL,2000Q3,154238,129846.00
IL,2000Q4,157115,131810.00
IL,2001Q1,159089,133039.00
IL,2001Q2,163152,136198.00
IL,2001Q3,167063,139200.00
IL,2001Q4,168980,140476.00
IL,2002Q1,170590,141518.00
IL,2002Q2,175812,145593.00
IL,2002Q3,179276,148253.00
IL,2002Q4,181808,150347.00
IL,2003Q1,184219,152172.00
IL,2003Q2,190102,156916.00
IL,2003Q3,191520,158133.00
IL,2003Q4,193155,159481.00
IL,2004Q1,194877,160953.00
IL,2004Q2,201476,166326.00
IL,2004Q3,205205,169682.00
IL,2004Q4,208394,172562.00
IL,2005Q1,211358,175189.00
IL,2005Q2,218032,180853.00
IL,2005Q3,222414,184728.00
IL,2005Q4,224735,186776.00
IL,2006Q1,226754,188571.00
IL,2006Q2,232631,193311.00
IL,2006Q3,233709,194127.00
IL,2006Q4,232688,193230.00
IL,2007Q1,231909,192460.00
IL,2007Q2,232514,192749.00
IL,2007Q3,229609,190097.00
IL,2007Q4,222784,184131.00
IL,2008Q1,214326,176820.00
IL,2008Q2,213371,175889.00
IL,2008Q3,208863,171913.00
IL,2008Q4,196957,161990.00
IL,2009Q1,186253,153051.00
IL,2009Q2,187169,153852.00
IL,2009Q3,188043,154388.00
IL,2009Q4,184528,151413.00
IL,2010Q1,179035,146708.00
IL,2010Q2,186308,152387.00
IN,2000Q1,110365,98182.00
IN,2000Q2,111306,98964.00
IN,2000Q3,113228,100597.00
IN,2000Q4,113510,100755.00
IN,2001Q1,113705,100843.00
IN,2001Q2,115371,102192.00
IN,2001Q3,116438,103022.00
IN,2001Q4,117339,103638.00
IN,2002Q1,117397,103508.00
IN,2002Q2,119344,105074.00
IN,2002Q3,119881,105410.00
IN,2002Q4,119750,105176.00
IN,2003Q1,120159,105444.00
IN,2003Q2,122318,107219.00
IN,2003Q3,123266,107935.00
IN,2003Q4,122985,107591.00
IN,2004Q1,123049,107546.00
IN,2004Q2,126322,110263.00
IN,2004Q3,127117,110855.00
IN,2004Q4,126815,110457.00
IN,2005Q1,128469,111693.00
IN,2005Q2,130229,113081.00
IN,2005Q3,131593,114186.00
IN,2005Q4,131690,114087.00
IN,2006Q1,130945,113242.00
IN,2006Q2,133635,115400.00
IN,2006Q3,134254,115791.00
IN,2006Q4,132565,114175.00
IN,2007Q1,132091,113646.00
IN,2007Q2,135333,116327.00
IN,2007Q3,135664,116536.00
IN,2007Q4,131045,112499.00
IN,2008Q1,130181,111578.00
IN,2008Q2,131363,112590.00
IN,2008Q3,131352,112566.00
IN,2008Q4,124535,106606.00
IN,2009Q1,122732,104996.00
IN,2009Q2,127973,109546.00
IN,2009Q3,129454,110909.00
IN,2009Q4,128615,110213.00
IN,2010Q1,125649,107853.00
IN,2010Q2,132068,113416.00
KS,2000Q1,103182,91310.00
KS,2000Q2,105363,93228.00
KS,2000Q3,105780,93483.00
KS,2000Q4,105914,93554.00
KS,2001Q1,107009,94409.00
KS,2001Q2,109385,96396.00
KS,2001Q3,110738,97449.00
KS,2001Q4,111966,98451.00
KS,2002Q1,112479,99043.00
KS,2002Q2,113551,99938.00
KS,2002Q3,115665,101655.00
KS,2002Q4,115318,101322.00
KS,2003Q1,115975,101791.00
KS,2003Q2,117777,103226.00
KS,2003Q3,119457,104602.00
KS,2003Q4,119305,104331.00
KS,2004Q1,119792,104687.00
KS,2004Q2,122788,107180.00
KS,2004Q3,123007,107237.00
KS,2004Q4,123580,107501.00
KS,2005Q1,124791,108358.00
KS,2005Q2,127593,110640.00
KS,2005Q3,128962,111799.00
KS,2005Q4,129077,111734.00
KS,2006Q1,130030,112575.00
KS,2006Q2,132506,114624.00
KS,2006Q3,133787,115679.00
KS,2006Q4,132956,114824.00
KS,2007Q1,131837,113830.00
KS,2007Q2,135696,117099.00
KS,2007Q3,135953,117194.00
KS,2007Q4,134429,115704.00
KS,2008Q1,132028,113803.00
KS,2008Q2,135315,116755.00
KS,2008Q3,135497,117125.00
KS,2008Q4,131203,113652.00
KS,2009Q1,130804,113483.00
KS,2009Q2,134807,117230.00
KS,2009Q3,134170,116956.00
KS,2009Q4,135360,118193.00
KS,2010Q1,131809,115364.00
KS,2010Q2,135301,118687.00
KY,2000Q1,113973,99434.00
KY,2000Q2,115401,100655.00
KY,2000Q3,117136,102132.00
KY,2000Q4,117657,102481.00
KY,2001Q1,117673,102572.00
KY,2001Q2,120089,104722.00
KY,2001Q3,121036,105451.00
KY,2001Q4,122954,107006.00
KY,2002Q1,122624,106763.00
KY,2002Q2,125501,109256.00
KY,2002Q3,125538,109222.00
KY,2002Q4,127298,110771.00
KY,2003Q1,128084,111360.00
KY,2003Q2,130676,113543.00
KY,2003Q3,133287,115867.00
KY,2003Q4,133859,116389.00
KY,2004Q1,134399,116699.00
KY,2004Q2,136974,118913.00
KY,2004Q3,138087,120033.00
KY,2004Q4,139317,121087.00
KY,2005Q1,140122,121843.00
KY,2005Q2,143217,124590.00
KY,2005Q3,145392,126452.00
KY,2005Q4,146157,127168.00
KY,2006Q1,148004,128745.00
KY,2006Q2,149493,129906.00
KY,2006Q3,150401,130734.00
KY,2006Q4,149364,129801.00
KY,2007Q1,150625,130889.00
KY,2007Q2,152950,132792.00
KY,2007Q3,152020,131934.00
KY,2007Q4,150688,130620.00
KY,2008Q1,148173,128333.00
KY,2008Q2,152032,131764.00
KY,2008Q3,151610,131310.00
KY,2008Q4,146652,126978.00
KY,2009Q1,144246,124964.00
KY,2009Q2,148854,128861.00
KY,2009Q3,149317,129278.00
KY,2009Q4,149963,129884.00
KY,2010Q1,147204,127446.00
KY,2010Q2,150614,130344.00
LA,2000Q1,108563,94990.00
LA,2000Q2,110829,96967.00
LA,2000Q3,111289,97425.00
LA,2000Q4,110972,97249.00
LA,2001Q1,111809,97941.00
LA,2001Q2,114350,100102.00
LA,2001Q3,116260,101707.00
LA,2001Q4,116615,101970.00
LA,2002Q1,117143,102439.00
LA,2002Q2,120221,105011.00
LA,2002Q3,121772,106272.00
LA,2002Q4,122937,107226.00
LA,2003Q1,125227,109239.00
LA,2003Q2,126252,110119.00
LA,2003Q3,128495,112042.00
LA,2003Q4,129779,113146.00
LA,2004Q1,130034,113354.00
LA,2004Q2,134774,117368.00
LA,2004Q3,137317,119610.00
LA,2004Q4,138701,120898.00
LA,2005Q1,140068,122092.00
LA,2005Q2,143832,125402.00
LA,2005Q3,147632,128651.00
LA,2005Q4,153948,134325.00
LA,2006Q1,158657,138404.00
LA,2006Q2,162794,142129.00
LA,2006Q3,165905,144876.00
LA,2006Q4,167948,146571.00
LA,2007Q1,166915,146036.00
LA,2007Q2,167096,146437.00
LA,2007Q3,169056,148336.00
LA,2007Q4,168112,147565.00
LA,2008Q1,166123,145965.00
LA,2008Q2,168787,148401.00
LA,2008Q3,168827,148555.00
LA,2008Q4,167340,147480.00
LA,2009Q1,166331,146814.00
LA,2009Q2,169342,149702.00
LA,2009Q3,172329,152579.00
LA,2009Q4,171068,151638.00
LA,2010Q1,168639,149590.00
LA,2010Q2,171584,152413.00
MA,2000Q1,226623,189845.00
MA,2000Q2,240047,200506.00
MA,2000Q3,249733,208181.00
MA,2000Q4,255172,212248.00
MA,2001Q1,262724,218186.00
MA,2001Q2,273693,227228.00
MA,2001Q3,285041,236567.00
MA,2001Q4,287803,238376.00
MA,2002Q1,292156,242464.00
MA,2002Q2,307940,255916.00
MA,2002Q3,320216,266744.00
MA,2002Q4,325486,271779.00
MA,2003Q1,328269,274501.00
MA,2003Q2,340907,285622.00
MA,2003Q3,349028,292923.00
MA,2003Q4,355024,298039.00
MA,2004Q1,361061,303288.00
MA,2004Q2,376472,316434.00
MA,2004Q3,385977,324667.00
MA,2004Q4,392826,330058.00
MA,2005Q1,398781,336060.00
MA,2005Q2,409939,345950.00
MA,2005Q3,414510,350369.00
MA,2005Q4,415122,350198.00
MA,2006Q1,408929,345580.00
MA,2006Q2,413461,349852.00
MA,2006Q3,408389,345531.00
MA,2006Q4,403171,340964.00
MA,2007Q1,401369,338784.00
MA,2007Q2,404164,339898.00
MA,2007Q3,403930,338067.00
MA,2007Q4,393535,328672.00
MA,2008Q1,385753,320635.00
MA,2008Q2,378583,314167.00
MA,2008Q3,376200,311161.00
MA,2008Q4,365576,301589.00
MA,2009Q1,360368,296508.00
MA,2009Q2,363675,299376.00
MA,2009Q3,367131,302592.00
MA,2009Q4,363974,300200.00
MA,2010Q1,354819,290948.00
MA,2010Q2,373062,306363.00
MD,2000Q1,183200,142113.00
MD,2000Q2,187442,145332.00
MD,2000Q3,192438,148989.00
MD,2000Q4,196364,151146.00
MD,2001Q1,196849,151397.00
MD,2001Q2,206141,158170.00
MD,2001Q3,213238,163463.00
MD,2001Q4,216913,166212.00
MD,2002Q1,220961,168938.00
MD,2002Q2,231398,176726.00
MD,2002Q3,238459,186460.00
MD,2002Q4,238111,191134.00
MD,2003Q1,243511,195208.00
MD,2003Q2,252122,205024.00
MD,2003Q3,264713,215441.00
MD,2003Q4,265797,218954.00
MD,2004Q1,271939,226230.00
MD,2004Q2,290272,241482.00
MD,2004Q3,306731,256593.00
MD,2004Q4,313619,263831.00
MD,2005Q1,325255,273828.00
MD,2005Q2,347625,293568.00
MD,2005Q3,367411,311039.00
MD,2005Q4,373935,318761.00
MD,2006Q1,380410,325092.00
MD,2006Q2,390526,334284.00
MD,2006Q3,393201,336999.00
MD,2006Q4,391403,335980.00
MD,2007Q1,388241,334342.00
MD,2007Q2,384169,331534.00
MD,2007Q3,376688,325658.00
MD,2007Q4,364281,315308.00
MD,2008Q1,352683,305896.00
MD,2008Q2,341573,296867.00
MD,2008Q3,330781,287749.00
MD,2008Q4,315256,274704.00
MD,2009Q1,304938,265873.00
MD,2009Q2,299488,262176.00
MD,2009Q3,299612,262441.00
MD,2009Q4,295253,258517.00
MD,2010Q1,287999,252731.00
MD,2010Q2,292254,256411.00
ME,2000Q1,122926,103883.00
ME,2000Q2,128860,108793.00
ME,2000Q3,130371,110981.00
ME,2000Q4,132581,112664.00
ME,2001Q1,134972,114428.00
ME,2001Q2,139949,118394.00
ME,2001Q3,145117,122511.00
ME,2001Q4,146250,123072.00
ME,2002Q1,152108,127762.00
ME,2002Q2,157513,132308.00
ME,2002Q3,163459,137101.00
ME,2002Q4,167343,140125.00
ME,2003Q1,171957,143720.00
ME,2003Q2,175107,146060.00
ME,2003Q3,179680,149743.00
ME,2003Q4,186718,156158.00
ME,2004Q1,185112,154913.00
ME,2004Q2,194709,163054.00
ME,2004Q3,201955,168974.00
ME,2004Q4,204966,171279.00
ME,2005Q1,209646,175765.00
ME,2005Q2,215712,180771.00
ME,2005Q3,220089,184535.00
ME,2005Q4,222289,186615.00
ME,2006Q1,219193,184404.00
ME,2006Q2,224863,189461.00
ME,2006Q3,223069,187870.00
ME,2006Q4,220134,185903.00
ME,2007Q1,222206,187547.00
ME,2007Q2,222467,187892.00
ME,2007Q3,218046,184459.00
ME,2007Q4,218583,185206.00
ME,2008Q1,216221,183169.00
ME,2008Q2,215259,182774.00
ME,2008Q3,213276,181438.00
ME,2008Q4,205299,174283.00
ME,2009Q1,209457,176719.00
ME,2009Q2,213568,179611.00
ME,2009Q3,205754,172730.00
ME,2009Q4,209403,175688.00
ME,2010Q1,206716,172800.00
ME,2010Q2,209697,175175.00
MI,2000Q1,137293,119927.00
MI,2000Q2,140802,123049.00
MI,2000Q3,143392,125355.00
MI,2000Q4,143993,125958.00
MI,2001Q1,145389,127182.00
MI,2001Q2,147888,129370.00
MI,2001Q3,150004,131192.00
MI,2001Q4,151009,132006.00
MI,2002Q1,151119,132084.00
MI,2002Q2,154095,134693.00
MI,2002Q3,155765,136115.00
MI,2002Q4,156279,136494.00
MI,2003Q1,156545,136678.00
MI,2003Q2,158532,138388.00
MI,2003Q3,160344,139917.00
MI,2003Q4,159803,139378.00
MI,2004Q1,159162,138893.00
MI,2004Q2,161362,140660.00
MI,2004Q3,162180,141393.00
MI,2004Q4,162764,141880.00
MI,2005Q1,162292,141405.00
MI,2005Q2,165186,143805.00
MI,2005Q3,166158,144506.00
MI,2005Q4,165447,143635.00
MI,2006Q1,162515,140944.00
MI,2006Q2,162382,140544.00
MI,2006Q3,160987,139081.00
MI,2006Q4,156545,135104.00
MI,2007Q1,153422,132180.00
MI,2007Q2,151012,129891.00
MI,2007Q3,146482,125821.00
MI,2007Q4,138216,118573.00
MI,2008Q1,133043,113857.00
MI,2008Q2,129656,110754.00
MI,2008Q3,127271,108620.00
MI,2008Q4,118102,100344.00
MI,2009Q1,116000,97827.00
MI,2009Q2,114774,96428.00
MI,2009Q3,114196,95612.00
MI,2009Q4,114362,95473.00
MI,2010Q1,112153,93280.00
MI,2010Q2,116143,96398.00
MN,2000Q1,139518,123266.00
MN,2000Q2,145981,128981.00
MN,2000Q3,150409,132732.00
MN,2000Q4,152817,134792.00
MN,2001Q1,156173,137689.00
MN,2001Q2,163395,143911.00
MN,2001Q3,167778,147629.00
MN,2001Q4,169551,148970.00
MN,2002Q1,172808,151776.00
MN,2002Q2,179004,157032.00
MN,2002Q3,183295,160752.00
MN,2002Q4,186443,163392.00
MN,2003Q1,189050,165720.00
MN,2003Q2,194841,170710.00
MN,2003Q3,199811,175042.00
MN,2003Q4,201098,176270.00
MN,2004Q1,201893,176496.00
MN,2004Q2,208960,182247.00
MN,2004Q3,213872,186444.00
MN,2004Q4,216021,188166.00
MN,2005Q1,218426,189658.00
MN,2005Q2,225365,195436.00
MN,2005Q3,228610,197867.00
MN,2005Q4,230458,198878.00
MN,2006Q1,231303,199129.00
MN,2006Q2,234453,201522.00
MN,2006Q3,232681,199777.00
MN,2006Q4,229684,196897.00
MN,2007Q1,228616,195887.00
MN,2007Q2,227220,194452.00
MN,2007Q3,222458,190128.00
MN,2007Q4,215279,183610.00
MN,2008Q1,209377,178243.00
MN,2008Q2,206856,175971.00
MN,2008Q3,201660,171411.00
MN,2008Q4,193982,164435.00
MN,2009Q1,192062,162405.00
MN,2009Q2,192725,162898.00
MN,2009Q3,192777,162836.00
MN,2009Q4,191485,161507.00
MN,2010Q1,187768,158558.00
MN,2010Q2,194336,164105.00
MO,2000Q1,109355,94300.00
MO,2000Q2,111921,96514.00
MO,2000Q3,113326,97715.00
MO,2000Q4,114328,98467.00
MO,2001Q1,115401,99327.00
MO,2001Q2,118611,102114.00
MO,2001Q3,120093,103358.00
MO,2001Q4,121265,104333.00
MO,2002Q1,122387,105199.00
MO,2002Q2,125141,107451.00
MO,2002Q3,127024,108927.00
MO,2002Q4,128484,110059.00
MO,2003Q1,130092,111230.00
MO,2003Q2,132804,113425.00
MO,2003Q3,134660,114898.00
MO,2003Q4,134895,115062.00
MO,2004Q1,136767,116531.00
MO,2004Q2,140688,119757.00
MO,2004Q3,141543,120505.00
MO,2004Q4,143602,122135.00
MO,2005Q1,144957,123052.00
MO,2005Q2,148966,126362.00
MO,2005Q3,151836,128724.00
MO,2005Q4,153065,129619.00
MO,2006Q1,154534,130797.00
MO,2006Q2,156606,132358.00
MO,2006Q3,157895,133303.00
MO,2006Q4,156731,132170.00
MO,2007Q1,156469,131904.00
MO,2007Q2,158090,133196.00
MO,2007Q3,158290,133164.00
MO,2007Q4,152531,128302.00
MO,2008Q1,148161,124503.00
MO,2008Q2,151236,127049.00
MO,2008Q3,150820,126561.00
MO,2008Q4,143328,120188.00
MO,2009Q1,143105,120054.00
MO,2009Q2,147060,123311.00
MO,2009Q3,147846,124100.00
MO,2009Q4,146962,123462.00
MO,2010Q1,140775,118365.00
MO,2010Q2,147162,123754.00
MS,2000Q1,95381,83653.00
MS,2000Q2,97522,85463.00
MS,2000Q3,98426,86182.00
MS,2000Q4,98246,85875.00
MS,2001Q1,98775,86253.00
MS,2001Q2,101860,88919.00
MS,2001Q3,102475,89494.00
MS,2001Q4,102777,89773.00
MS,2002Q1,103457,90317.00
MS,2002Q2,104172,90896.00
MS,2002Q3,106377,92784.00
MS,2002Q4,107965,94133.00
MS,2003Q1,107667,93675.00
MS,2003Q2,110529,96059.00
MS,2003Q3,110822,96328.00
MS,2003Q4,112197,97483.00
MS,2004Q1,113472,98456.00
MS,2004Q2,115280,99971.00
MS,2004Q3,116334,100775.00
MS,2004Q4,117959,102143.00
MS,2005Q1,119942,103778.00
MS,2005Q2,123420,106699.00
MS,2005Q3,126036,109138.00
MS,2005Q4,130614,113499.00
MS,2006Q1,133054,115645.00
MS,2006Q2,137213,119422.00
MS,2006Q3,139609,121597.00
MS,2006Q4,141289,123131.00
MS,2007Q1,143988,125495.00
MS,2007Q2,145685,127225.00
MS,2007Q3,144711,126592.00
MS,2007Q4,144211,126387.00
MS,2008Q1,143114,125794.00
MS,2008Q2,145414,128107.00
MS,2008Q3,143467,126587.00
MS,2008Q4,140575,124374.00
MS,2009Q1,136138,120915.00
MS,2009Q2,140443,125256.00
MS,2009Q3,141960,126903.00
MS,2009Q4,140879,126328.00
MS,2010Q1,140094,126054.00
MS,2010Q2,140317,126484.00
MT,2000Q1,114480,99058.00
MT,2000Q2,116822,101100.00
MT,2000Q3,117829,101902.00
MT,2000Q4,117731,101613.00
MT,2001Q1,121364,104743.00
MT,2001Q2,123717,106610.00
MT,2001Q3,124343,107012.00
MT,2001Q4,127031,109064.00
MT,2002Q1,128369,110288.00
MT,2002Q2,132348,113649.00
MT,2002Q3,134560,115541.00
MT,2002Q4,136582,117258.00
MT,2003Q1,136755,117319.00
MT,2003Q2,144131,123427.00
MT,2003Q3,147693,126577.00
MT,2003Q4,149371,127870.00
MT,2004Q1,151120,129292.00
MT,2004Q2,158121,135305.00
MT,2004Q3,162244,138832.00
MT,2004Q4,166423,142564.00
MT,2005Q1,170445,145937.00
MT,2005Q2,178284,152638.00
MT,2005Q3,182780,156589.00
MT,2005Q4,188798,161927.00
MT,2006Q1,194869,167121.00
MT,2006Q2,199957,171733.00
MT,2006Q3,205638,176921.00
MT,2006Q4,208714,179640.00
MT,2007Q1,209771,180710.00
MT,2007Q2,219603,188818.00
MT,2007Q3,218991,188281.00
MT,2007Q4,219126,188363.00
MT,2008Q1,218338,187534.00
MT,2008Q2,219078,188328.00
MT,2008Q3,217817,187401.00
MT,2008Q4,210011,180798.00
MT,2009Q1,211951,182241.00
MT,2009Q2,209862,180415.00
MT,2009Q3,209655,180512.00
MT,2009Q4,206402,177940.00
MT,2010Q1,207074,178462.00
MT,2010Q2,206439,178188.00
NC,2000Q1,133078,113656.00
NC,2000Q2,135932,115976.00
NC,2000Q3,137834,117744.00
NC,2000Q4,137770,117671.00
NC,2001Q1,139809,119309.00
NC,2001Q2,141335,120546.00
NC,2001Q3,143675,122434.00
NC,2001Q4,144111,122674.00
NC,2002Q1,145785,123956.00
NC,2002Q2,147980,125605.00
NC,2002Q3,149951,127041.00
NC,2002Q4,151587,128232.00
NC,2003Q1,152387,128741.00
NC,2003Q2,154372,130273.00
NC,2003Q3,156952,132183.00
NC,2003Q4,157857,132646.00
NC,2004Q1,159213,133343.00
NC,2004Q2,163991,137033.00
NC,2004Q3,166344,138602.00
NC,2004Q4,168557,140225.00
NC,2005Q1,172982,143719.00
NC,2005Q2,176680,146588.00
NC,2005Q3,180926,149650.00
NC,2005Q4,185678,153101.00
NC,2006Q1,188310,154792.00
NC,2006Q2,192591,157848.00
NC,2006Q3,195957,160279.00
NC,2006Q4,198213,161825.00
NC,2007Q1,199607,162674.00
NC,2007Q2,202497,164824.00
NC,2007Q3,203769,165683.00
NC,2007Q4,200053,162487.00
NC,2008Q1,199541,161711.00
NC,2008Q2,200817,162392.00
NC,2008Q3,197166,159321.00
NC,2008Q4,191377,154530.00
NC,2009Q1,190249,153639.00
NC,2009Q2,192696,155636.00
NC,2009Q3,192729,155793.00
NC,2009Q4,190036,153656.00
NC,2010Q1,186743,150703.00
NC,2010Q2,191255,154481.00
ND,2000Q1,82569,75151.00
ND,2000Q2,83111,75684.00
ND,2000Q3,84113,76607.00
ND,2000Q4,82282,74899.00
ND,2001Q1,85601,77767.00
ND,2001Q2,86533,78372.00
ND,2001Q3,86837,78621.00
ND,2001Q4,88680,80251.00
ND,2002Q1,88779,80241.00
ND,2002Q2,90735,81948.00
ND,2002Q3,93469,84431.00
ND,2002Q4,93219,84214.00
ND,2003Q1,95138,85739.00
ND,2003Q2,96054,86512.00
ND,2003Q3,99742,89622.00
ND,2003Q4,99417,89179.00
ND,2004Q1,99529,89123.00
ND,2004Q2,105374,94328.00
ND,2004Q3,107055,95679.00
ND,2004Q4,109205,97501.00
ND,2005Q1,112914,100504.00
ND,2005Q2,115644,102706.00
ND,2005Q3,118656,105216.00
ND,2005Q4,122361,108417.00
ND,2006Q1,122798,108897.00
ND,2006Q2,125159,111004.00
ND,2006Q3,128168,113621.00
ND,2006Q4,127860,113144.00
ND,2007Q1,131516,116318.00
ND,2007Q2,133617,118260.00
ND,2007Q3,137491,121379.00
ND,2007Q4,136151,120010.00
ND,2008Q1,135604,119842.00
ND,2008Q2,140304,124085.00
ND,2008Q3,141708,125812.00
ND,2008Q4,144121,128330.00
ND,2009Q1,143791,128243.00
ND,2009Q2,146604,130998.00
ND,2009Q3,146834,131526.00
ND,2009Q4,144631,129603.00
ND,2010Q1,150410,135386.00
ND,2010Q2,147844,133473.00
NE,2000Q1,105509,92312.00
NE,2000Q2,108239,94640.00
NE,2000Q3,108988,95297.00
NE,2000Q4,108826,95127.00
NE,2001Q1,109807,95967.00
NE,2001Q2,111840,97691.00
NE,2001Q3,112397,98452.00
NE,2001Q4,112088,98143.00
NE,2002Q1,113152,98996.00
NE,2002Q2,115335,100990.00
NE,2002Q3,116888,102381.00
NE,2002Q4,117054,102544.00
NE,2003Q1,117747,102974.00
NE,2003Q2,120636,105363.00
NE,2003Q3,122251,106648.00
NE,2003Q4,121592,106071.00
NE,2004Q1,122604,106900.00
NE,2004Q2,124866,108804.00
NE,2004Q3,128033,111451.00
NE,2004Q4,127637,110955.00
NE,2005Q1,128324,111424.00
NE,2005Q2,131355,113805.00
NE,2005Q3,134287,116185.00
NE,2005Q4,134025,115692.00
NE,2006Q1,134384,115806.00
NE,2006Q2,138061,118701.00
NE,2006Q3,138374,118770.00
NE,2006Q4,135162,115809.00
NE,2007Q1,136265,116560.00
NE,2007Q2,138904,118734.00
NE,2007Q3,139227,118852.00
NE,2007Q4,135622,115624.00
NE,2008Q1,134729,114967.00
NE,2008Q2,136999,116981.00
NE,2008Q3,136936,116952.00
NE,2008Q4,135086,115533.00
NE,2009Q1,132173,113237.00
NE,2009Q2,137423,117927.00
NE,2009Q3,137496,118273.00
NE,2009Q4,137483,118496.00
NE,2010Q1,135116,116669.00
NE,2010Q2,139325,120415.00
NH,2000Q1,159415,137491.00
NH,2000Q2,165800,142996.00
NH,2000Q3,170499,147533.00
NH,2000Q4,176624,152736.00
NH,2001Q1,179077,154940.00
NH,2001Q2,187490,162279.00
NH,2001Q3,194863,168576.00
NH,2001Q4,198732,171796.00
NH,2002Q1,200272,173569.00
NH,2002Q2,209105,181418.00
NH,2002Q3,218398,189883.00
NH,2002Q4,222511,193839.00
NH,2003Q1,227576,198358.00
NH,2003Q2,235153,205047.00
NH,2003Q3,242584,211813.00
NH,2003Q4,246906,215808.00
NH,2004Q1,252675,221484.00
NH,2004Q2,261449,229560.00
NH,2004Q3,267360,235181.00
NH,2004Q4,273968,241240.00
NH,2005Q1,275623,243260.00
NH,2005Q2,287152,253714.00
NH,2005Q3,294549,260800.00
NH,2005Q4,291801,258513.00
NH,2006Q1,292376,259243.00
NH,2006Q2,296926,263242.00
NH,2006Q3,292789,259719.00
NH,2006Q4,287759,255432.00
NH,2007Q1,283589,251883.00
NH,2007Q2,286905,254856.00
NH,2007Q3,282253,250698.00
NH,2007Q4,272955,241908.00
NH,2008Q1,264784,234463.00
NH,2008Q2,267773,236445.00
NH,2008Q3,263940,232610.00
NH,2008Q4,250302,220129.00
NH,2009Q1,248860,217815.00
NH,2009Q2,252687,221159.00
NH,2009Q3,254805,223006.00
NH,2009Q4,248331,216599.00
NH,2010Q1,245433,213425.00
NH,2010Q2,254399,220625.00
NJ,2000Q1,200858,174675.00
NJ,2000Q2,208470,180086.00
NJ,2000Q3,214453,184789.00
NJ,2000Q4,218091,187457.00
NJ,2001Q1,222853,191128.00
NJ,2001Q2,231003,198019.00
NJ,2001Q3,240112,205626.00
NJ,2001Q4,245093,209495.00
NJ,2002Q1,250031,213506.00
NJ,2002Q2,262384,223977.00
NJ,2002Q3,273585,233438.00
NJ,2002Q4,281331,240573.00
NJ,2003Q1,284384,243317.00
NJ,2003Q2,297270,254385.00
NJ,2003Q3,308311,264048.00
NJ,2003Q4,316374,271137.00
NJ,2004Q1,317105,271743.00
NJ,2004Q2,331099,283633.00
NJ,2004Q3,342310,293648.00
NJ,2004Q4,351589,302188.00
NJ,2005Q1,357923,307986.00
NJ,2005Q2,373031,322993.00
NJ,2005Q3,384047,333121.00
NJ,2005Q4,389005,337758.00
NJ,2006Q1,393269,341830.00
NJ,2006Q2,401432,349000.00
NJ,2006Q3,403045,350403.00
NJ,2006Q4,397448,346030.00
NJ,2007Q1,394765,344337.00
NJ,2007Q2,394240,343827.00
NJ,2007Q3,389559,339665.00
NJ,2007Q4,381679,333016.00
NJ,2008Q1,373916,326261.00
NJ,2008Q2,365110,318439.00
NJ,2008Q3,357874,311350.00
NJ,2008Q4,347751,301939.00
NJ,2009Q1,337446,292955.00
NJ,2009Q2,331292,287718.00
NJ,2009Q3,331283,287571.00
NJ,2009Q4,326914,283822.00
NJ,2010Q1,318315,276180.00
NJ,2010Q2,325722,282633.00
NM,2000Q1,123624,107158.00
NM,2000Q2,126174,109050.00
NM,2000Q3,127273,109845.00
NM,2000Q4,126764,109152.00
NM,2001Q1,128658,110397.00
NM,2001Q2,131737,112717.00
NM,2001Q3,132727,113227.00
NM,2001Q4,133031,113183.00
NM,2002Q1,135003,114610.00
NM,2002Q2,138893,117656.00
NM,2002Q3,140899,119115.00
NM,2002Q4,142086,119971.00
NM,2003Q1,143814,121133.00
NM,2003Q2,147917,124225.00
NM,2003Q3,150917,126634.00
NM,2003Q4,153578,128744.00
NM,2004Q1,155242,130079.00
NM,2004Q2,160543,134411.00
NM,2004Q3,164453,137650.00
NM,2004Q4,166864,139527.00
NM,2005Q1,172181,143831.00
NM,2005Q2,178044,148840.00
NM,2005Q3,185187,154610.00
NM,2005Q4,190466,159144.00
NM,2006Q1,193378,161755.00
NM,2006Q2,203020,169710.00
NM,2006Q3,207875,174030.00
NM,2006Q4,210400,176435.00
NM,2007Q1,210792,177050.00
NM,2007Q2,214483,180355.00
NM,2007Q3,212686,179068.00
NM,2007Q4,209631,176534.00
NM,2008Q1,208681,175777.00
NM,2008Q2,208141,175736.00
NM,2008Q3,205217,173633.00
NM,2008Q4,200789,170039.00
NM,2009Q1,195860,165956.00
NM,2009Q2,197176,167356.00
NM,2009Q3,196216,166826.00
NM,2009Q4,193212,164688.00
NM,2010Q1,190476,162451.00
NM,2010Q2,188610,161176.00
NV,2000Q1,172486,138100.00
NV,2000Q2,176681,140706.00
NV,2000Q3,179316,142206.00
NV,2000Q4,181690,143828.00
NV,2001Q1,184613,145696.00
NV,2001Q2,187861,148503.00
NV,2001Q3,191512,151582.00
NV,2001Q4,194136,153494.00
NV,2002Q1,196562,155140.00
NV,2002Q2,201953,159307.00
NV,2002Q3,205718,162459.00
NV,2002Q4,207881,165643.00
NV,2003Q1,211820,168845.00
NV,2003Q2,219853,175493.00
NV,2003Q3,229770,183410.00
NV,2003Q4,240735,193299.00
NV,2004Q1,254139,206256.00
NV,2004Q2,280464,228688.00
NV,2004Q3,304177,249133.00
NV,2004Q4,316630,260302.00
NV,2005Q1,327567,271038.00
NV,2005Q2,343838,286602.00
NV,2005Q3,355490,298097.00
NV,2005Q4,358697,303092.00
NV,2006Q1,359825,306419.00
NV,2006Q2,361440,308372.00
NV,2006Q3,356366,304643.00
NV,2006Q4,350514,299853.00
NV,2007Q1,343026,293218.00
NV,2007Q2,334875,286391.00
NV,2007Q3,321329,274668.00
NV,2007Q4,297186,254191.00
NV,2008Q1,269954,231080.00
NV,2008Q2,256305,219721.00
NV,2008Q3,240377,206446.00
NV,2008Q4,217593,187168.00
NV,2009Q1,199332,171729.00
NV,2009Q2,187169,161238.00
NV,2009Q3,182815,157191.00
NV,2009Q4,181443,155826.00
NV,2010Q1,179626,153925.00
NV,2010Q2,179627,153364.00
NY,2000Q1,166063,140191.00
NY,2000Q2,171435,144207.00
NY,2000Q3,178618,149904.00
NY,2000Q4,181149,151845.00
NY,2001Q1,183536,153570.00
NY,2001Q2,189954,159043.00
NY,2001Q3,197734,165431.00
NY,2001Q4,202439,169272.00
NY,2002Q1,204698,171398.00
NY,2002Q2,212491,177902.00
NY,2002Q3,221519,185729.00
NY,2002Q4,228758,192086.00
NY,2003Q1,234003,196721.00
NY,2003Q2,242519,203936.00
NY,2003Q3,252585,212634.00
NY,2003Q4,258012,217530.00
NY,2004Q1,257529,217399.00
NY,2004Q2,267163,225547.00
NY,2004Q3,275371,232576.00
NY,2004Q4,282435,238777.00
NY,2005Q1,286329,242320.00
NY,2005Q2,298652,252944.00
NY,2005Q3,310448,262795.00
NY,2005Q4,319508,270289.00
NY,2006Q1,321794,271880.00
NY,2006Q2,329308,277722.00
NY,2006Q3,333950,281159.00
NY,2006Q4,335278,281796.00
NY,2007Q1,333100,279435.00
NY,2007Q2,334488,279782.00
NY,2007Q3,335966,279873.00
NY,2007Q4,332384,276152.00
NY,2008Q1,326565,270094.00
NY,2008Q2,325824,268844.00
NY,2008Q3,320230,263545.00
NY,2008Q4,311667,256076.00
NY,2009Q1,301754,247773.00
NY,2009Q2,301862,247838.00
NY,2009Q3,304431,249879.00
NY,2009Q4,299764,246227.00
NY,2010Q1,292542,240132.00
NY,2010Q2,299812,245858.00
OH,2000Q1,121440,105574.00
OH,2000Q2,124437,108115.00
OH,2000Q3,125341,108857.00
OH,2000Q4,126353,109593.00
OH,2001Q1,126912,110092.00
OH,2001Q2,128853,111786.00
OH,2001Q3,129989,112776.00
OH,2001Q4,130422,113094.00
OH,2002Q1,130990,113523.00
OH,2002Q2,133360,115600.00
OH,2002Q3,134506,116595.00
OH,2002Q4,134851,116867.00
OH,2003Q1,135117,116998.00
OH,2003Q2,137962,119467.00
OH,2003Q3,139191,120524.00
OH,2003Q4,140113,121345.00
OH,2004Q1,137915,119631.00
OH,2004Q2,140686,122002.00
OH,2004Q3,141976,123108.00
OH,2004Q4,141645,122828.00
OH,2005Q1,141648,122864.00
OH,2005Q2,145512,126154.00
OH,2005Q3,146444,126974.00
OH,2005Q4,145227,125916.00
OH,2006Q1,143778,124581.00
OH,2006Q2,147300,127500.00
OH,2006Q3,147982,127958.00
OH,2006Q4,144898,125217.00
OH,2007Q1,141976,122632.00
OH,2007Q2,144207,124391.00
OH,2007Q3,142969,123248.00
OH,2007Q4,136493,117647.00
OH,2008Q1,132293,113999.00
OH,2008Q2,135736,116786.00
OH,2008Q3,132914,114392.00
OH,2008Q4,122425,105239.00
OH,2009Q1,118917,102129.00
OH,2009Q2,125969,108200.00
OH,2009Q3,130512,112138.00
OH,2009Q4,129388,111275.00
OH,2010Q1,125561,108044.00
OH,2010Q2,132093,113730.00
OK,2000Q1,91320,78663.00
OK,2000Q2,92151,79829.00
OK,2000Q3,93174,80563.00
OK,2000Q4,93109,80460.00
OK,2001Q1,94081,81143.00
OK,2001Q2,95437,82253.00
OK,2001Q3,96993,83548.00
OK,2001Q4,97765,84074.00
OK,2002Q1,98260,84552.00
OK,2002Q2,99851,85845.00
OK,2002Q3,101510,87174.00
OK,2002Q4,101942,87442.00
OK,2003Q1,103153,88292.00
OK,2003Q2,105011,89874.00
OK,2003Q3,106642,91129.00
OK,2003Q4,107056,91518.00
OK,2004Q1,107271,91709.00
OK,2004Q2,109565,93609.00
OK,2004Q3,110977,94808.00
OK,2004Q4,112647,96174.00
OK,2005Q1,114125,97449.00
OK,2005Q2,115854,98941.00
OK,2005Q3,118817,101464.00
OK,2005Q4,120571,102889.00
OK,2006Q1,121995,104154.00
OK,2006Q2,124848,106559.00
OK,2006Q3,126342,107683.00
OK,2006Q4,126231,107510.00
OK,2007Q1,127776,108650.00
OK,2007Q2,130093,110508.00
OK,2007Q3,132065,112133.00
OK,2007Q4,131052,111300.00
OK,2008Q1,129800,110386.00
OK,2008Q2,132636,112859.00
OK,2008Q3,133796,113918.00
OK,2008Q4,131143,111663.00
OK,2009Q1,130713,111560.00
OK,2009Q2,133250,113879.00
OK,2009Q3,135248,115846.00
OK,2009Q4,134494,115548.00
OK,2010Q1,131778,113490.00
OK,2010Q2,137614,118771.00
OR,2000Q1,155926,138338.00
OR,2000Q2,158445,140492.00
OR,2000Q3,159439,141306.00
OR,2000Q4,160410,141979.00
OR,2001Q1,162670,143818.00
OR,2001Q2,165070,145891.00
OR,2001Q3,167463,147796.00
OR,2001Q4,168208,148330.00
OR,2002Q1,169552,149476.00
OR,2002Q2,173087,152426.00
OR,2002Q3,176158,155083.00
OR,2002Q4,177902,156369.00
OR,2003Q1,180479,158459.00
OR,2003Q2,184596,162049.00
OR,2003Q3,189006,165750.00
OR,2003Q4,192041,168116.00
OR,2004Q1,194474,170107.00
OR,2004Q2,201919,176569.00
OR,2004Q3,209616,183048.00
OR,2004Q4,215379,188074.00
OR,2005Q1,222468,194102.00
OR,2005Q2,235094,205027.00
OR,2005Q3,248918,217085.00
OR,2005Q4,257820,224829.00
OR,2006Q1,266053,231758.00
OR,2006Q2,278183,242298.00
OR,2006Q3,285018,248251.00
OR,2006Q4,285750,248847.00
OR,2007Q1,288348,251043.00
OR,2007Q2,294166,256098.00
OR,2007Q3,292436,254688.00
OR,2007Q4,283881,247456.00
OR,2008Q1,278883,243306.00
OR,2008Q2,277045,241845.00
OR,2008Q3,270235,236080.00
OR,2008Q4,257064,224840.00
OR,2009Q1,249139,218190.00
OR,2009Q2,244229,214277.00
OR,2009Q3,243506,213878.00
OR,2009Q4,239670,210717.00
OR,2010Q1,227892,200616.00
OR,2010Q2,234853,206977.00
PA,2000Q1,117279,100715.00
PA,2000Q2,120120,103051.00
PA,2000Q3,121812,104271.00
PA,2000Q4,122991,105082.00
PA,2001Q1,123273,105149.00
PA,2001Q2,127266,108287.00
PA,2001Q3,129945,110412.00
PA,2001Q4,130443,110656.00
PA,2002Q1,132262,112182.00
PA,2002Q2,135779,115058.00
PA,2002Q3,139192,117794.00
PA,2002Q4,141345,119500.00
PA,2003Q1,142782,120673.00
PA,2003Q2,146830,124033.00
PA,2003Q3,151225,127752.00
PA,2003Q4,152373,128832.00
PA,2004Q1,153574,129701.00
PA,2004Q2,159580,134928.00
PA,2004Q3,163413,138162.00
PA,2004Q4,165410,139872.00
PA,2005Q1,167335,141473.00
PA,2005Q2,174168,147277.00
PA,2005Q3,179679,151985.00
PA,2005Q4,180664,152894.00
PA,2006Q1,182123,154098.00
PA,2006Q2,188347,159439.00
PA,2006Q3,189926,160848.00
PA,2006Q4,189173,160248.00
PA,2007Q1,188136,159420.00
PA,2007Q2,191075,161909.00
PA,2007Q3,191592,162530.00
PA,2007Q4,189021,160406.00
PA,2008Q1,185878,157859.00
PA,2008Q2,187339,159147.00
PA,2008Q3,186723,158686.00
PA,2008Q4,182293,155028.00
PA,2009Q1,177644,151252.00
PA,2009Q2,181690,154897.00
PA,2009Q3,180607,154347.00
PA,2009Q4,179261,153585.00
PA,2010Q1,173885,149333.00
PA,2010Q2,178266,153439.00
RI,2000Q1,160991,138459.00
RI,2000Q2,168544,144691.00
RI,2000Q3,174262,149000.00
RI,2000Q4,176649,150707.00
RI,2001Q1,180796,153535.00
RI,2001Q2,189669,160731.00
RI,2001Q3,197710,167126.00
RI,2001Q4,204055,172193.00
RI,2002Q1,209117,176242.00
RI,2002Q2,221035,186017.00
RI,2002Q3,234206,196936.00
RI,2002Q4,244020,205143.00
RI,2003Q1,250938,210490.00
RI,2003Q2,261273,219481.00
RI,2003Q3,272178,228844.00
RI,2003Q4,280036,235607.00
RI,2004Q1,287875,242582.00
RI,2004Q2,304189,256417.00
RI,2004Q3,319348,269538.00
RI,2004Q4,324035,274156.00
RI,2005Q1,331399,281620.00
RI,2005Q2,340869,291085.00
RI,2005Q3,346945,297394.00
RI,2005Q4,344524,296002.00
RI,2006Q1,346357,298458.00
RI,2006Q2,348348,300890.00
RI,2006Q3,348580,301325.00
RI,2006Q4,341554,295261.00
RI,2007Q1,332010,287217.00
RI,2007Q2,333184,288228.00
RI,2007Q3,326920,282229.00
RI,2007Q4,313903,270415.00
RI,2008Q1,301495,259965.00
RI,2008Q2,293920,253517.00
RI,2008Q3,281792,242514.00
RI,2008Q4,273608,235114.00
RI,2009Q1,268358,230140.00
RI,2009Q2,266846,228716.00
RI,2009Q3,265287,227651.00
RI,2009Q4,268022,229759.00
RI,2010Q1,257997,221194.00
RI,2010Q2,269788,230354.00
SC,2000Q1,130030,107171.00
SC,2000Q2,132233,109233.00
SC,2000Q3,133976,110594.00
SC,2000Q4,133828,110443.00
SC,2001Q1,135100,111147.00
SC,2001Q2,137183,112744.00
SC,2001Q3,139069,114080.00
SC,2001Q4,138413,114185.00
SC,2002Q1,140087,115551.00
SC,2002Q2,140952,116414.00
SC,2002Q3,142585,117516.00
SC,2002Q4,143351,118045.00
SC,2003Q1,144401,118893.00
SC,2003Q2,146928,120775.00
SC,2003Q3,147848,121427.00
SC,2003Q4,149062,122201.00
SC,2004Q1,150299,123083.00
SC,2004Q2,152872,124870.00
SC,2004Q3,156348,127430.00
SC,2004Q4,159904,129946.00
SC,2005Q1,162417,131960.00
SC,2005Q2,167692,135733.00
SC,2005Q3,172990,139676.00
SC,2005Q4,176776,142455.00
SC,2006Q1,179445,144268.00
SC,2006Q2,185157,148165.00
SC,2006Q3,187700,149989.00
SC,2006Q4,189224,150795.00
SC,2007Q1,191440,152002.00
SC,2007Q2,194350,153825.00
SC,2007Q3,192894,152468.00
SC,2007Q4,188683,148936.00
SC,2008Q1,189390,149005.00
SC,2008Q2,187614,147638.00
SC,2008Q3,183612,144540.00
SC,2008Q4,175716,138497.00
SC,2009Q1,172912,135838.00
SC,2009Q2,174270,137115.00
SC,2009Q3,173738,137039.00
SC,2009Q4,172861,136597.00
SC,2010Q1,166605,131720.00
SC,2010Q2,171514,135855.00
SD,2000Q1,104646,91971.00
SD,2000Q2,108257,94964.00
SD,2000Q3,110107,96323.00
SD,2000Q4,109853,96020.00
SD,2001Q1,112656,98653.00
SD,2001Q2,115225,100765.00
SD,2001Q3,117909,103089.00
SD,2001Q4,118365,103444.00
SD,2002Q1,119546,104395.00
SD,2002Q2,122852,107313.00
SD,2002Q3,123595,108052.00
SD,2002Q4,125431,109741.00
SD,2003Q1,126956,111276.00
SD,2003Q2,130426,114654.00
SD,2003Q3,133313,117444.00
SD,2003Q4,132561,117161.00
SD,2004Q1,135500,120040.00
SD,2004Q2,138401,122777.00
SD,2004Q3,141695,125852.00
SD,2004Q4,142763,127185.00
SD,2005Q1,146195,130275.00
SD,2005Q2,151559,135164.00
SD,2005Q3,152129,135882.00
SD,2005Q4,155141,138769.00
SD,2006Q1,155989,139404.00
SD,2006Q2,161508,144579.00
SD,2006Q3,161745,144801.00
SD,2006Q4,162093,145299.00
SD,2007Q1,163820,146735.00
SD,2007Q2,167748,150149.00
SD,2007Q3,169021,151137.00
SD,2007Q4,170166,152224.00
SD,2008Q1,171518,153301.00
SD,2008Q2,173907,155104.00
SD,2008Q3,173138,154435.00
SD,2008Q4,170314,151717.00
SD,2009Q1,172523,153488.00
SD,2009Q2,175827,156344.00
SD,2009Q3,176248,156588.00
SD,2009Q4,174125,154651.00
SD,2010Q1,176119,156463.00
SD,2010Q2,175849,156243.00
TN,2000Q1,112128,88530.00
TN,2000Q2,114246,90444.00
TN,2000Q3,115029,90916.00
TN,2000Q4,115676,91394.00
TN,2001Q1,116018,91601.00
TN,2001Q2,119213,93898.00
TN,2001Q3,119555,94118.00
TN,2001Q4,120807,94988.00
TN,2002Q1,121132,95161.00
TN,2002Q2,123922,97188.00
TN,2002Q3,124687,97746.00
TN,2002Q4,123936,98136.00
TN,2003Q1,125900,99400.00
TN,2003Q2,127434,100580.00
TN,2003Q3,129317,101975.00
TN,2003Q4,130161,102546.00
TN,2004Q1,131236,103395.00
TN,2004Q2,134509,105885.00
TN,2004Q3,137467,108243.00
TN,2004Q4,139278,109725.00
TN,2005Q1,142160,111995.00
TN,2005Q2,145966,114925.00
TN,2005Q3,149589,117886.00
TN,2005Q4,152652,120252.00
TN,2006Q1,155282,122268.00
TN,2006Q2,158446,124907.00
TN,2006Q3,161501,127299.00
TN,2006Q4,163060,128536.00
TN,2007Q1,163547,128862.00
TN,2007Q2,166292,131017.00
TN,2007Q3,167000,131488.00
TN,2007Q4,164461,129387.00
TN,2008Q1,161949,127538.00
TN,2008Q2,163087,128407.00
TN,2008Q3,161829,127221.00
TN,2008Q4,155660,122137.00
TN,2009Q1,153245,120050.00
TN,2009Q2,156223,122417.00
TN,2009Q3,157919,123748.00
TN,2009Q4,157028,122956.00
TN,2010Q1,152040,118940.00
TN,2010Q2,158176,123613.00
TX,2000Q1,114205,96405.00
TX,2000Q2,116799,98544.00
TX,2000Q3,118761,100137.00
TX,2000Q4,120122,101226.00
TX,2001Q1,121195,102129.00
TX,2001Q2,123773,104236.00
TX,2001Q3,125274,105416.00
TX,2001Q4,125755,105793.00
TX,2002Q1,126572,106483.00
TX,2002Q2,128938,108474.00
TX,2002Q3,129894,109236.00
TX,2002Q4,130323,109557.00
TX,2003Q1,131102,110197.00
TX,2003Q2,132461,111297.00
TX,2003Q3,132884,111592.00
TX,2003Q4,133438,112022.00
TX,2004Q1,133364,111904.00
TX,2004Q2,136357,114207.00
TX,2004Q3,137462,115030.00
TX,2004Q4,138357,115674.00
TX,2005Q1,139058,116246.00
TX,2005Q2,142428,118912.00
TX,2005Q3,144794,120766.00
TX,2005Q4,146501,122021.00
TX,2006Q1,149113,124078.00
TX,2006Q2,152337,126529.00
TX,2006Q3,154330,128055.00
TX,2006Q4,155683,128994.00
TX,2007Q1,157840,130603.00
TX,2007Q2,161913,133741.00
TX,2007Q3,162881,134501.00
TX,2007Q4,160852,132770.00
TX,2008Q1,160194,132281.00
TX,2008Q2,161250,133250.00
TX,2008Q3,161929,134055.00
TX,2008Q4,155966,129392.00
TX,2009Q1,154720,128510.00
TX,2009Q2,158571,132038.00
TX,2009Q3,160026,133542.00
TX,2009Q4,158743,132889.00
TX,2010Q1,157123,131764.00
TX,2010Q2,160510,134854.00
UT,2000Q1,150740,133909.00
UT,2000Q2,152453,135466.00
UT,2000Q3,153586,136363.00
UT,2000Q4,153922,136571.00
UT,2001Q1,154602,137056.00
UT,2001Q2,156659,138713.00
UT,2001Q3,157103,138874.00
UT,2001Q4,157637,139017.00
UT,2002Q1,157355,138624.00
UT,2002Q2,159192,140051.00
UT,2002Q3,160193,140773.00
UT,2002Q4,161476,141457.00
UT,2003Q1,160846,140744.00
UT,2003Q2,163693,143069.00
UT,2003Q3,165614,144443.00
UT,2003Q4,165818,144478.00
UT,2004Q1,167040,145328.00
UT,2004Q2,173708,150820.00
UT,2004Q3,177405,153468.00
UT,2004Q4,180945,155806.00
UT,2005Q1,186569,160194.00
UT,2005Q2,194772,166726.00
UT,2005Q3,205179,175045.00
UT,2005Q4,213291,181395.00
UT,2006Q1,222081,188459.00
UT,2006Q2,235014,198849.00
UT,2006Q3,245603,207740.00
UT,2006Q4,256805,216938.00
UT,2007Q1,262787,221858.00
UT,2007Q2,275006,231897.00
UT,2007Q3,278137,234372.00
UT,2007Q4,271981,229554.00
UT,2008Q1,269271,227254.00
UT,2008Q2,267303,226009.00
UT,2008Q3,263369,222758.00
UT,2008Q4,249939,211593.00
UT,2009Q1,240418,203729.00
UT,2009Q2,237882,202054.00
UT,2009Q3,234794,199920.00
UT,2009Q4,229653,196381.00
UT,2010Q1,219928,188542.00
UT,2010Q2,226030,194147.00
VA,2000Q1,151209,130500.00
VA,2000Q2,156747,135153.00
VA,2000Q3,160742,138406.00
VA,2000Q4,162827,140137.00
VA,2001Q1,167532,144081.00
VA,2001Q2,173754,149283.00
VA,2001Q3,178607,153201.00
VA,2001Q4,180805,154856.00
VA,2002Q1,185765,158742.00
VA,2002Q2,193930,165549.00
VA,2002Q3,199260,169975.00
VA,2002Q4,202795,172873.00
VA,2003Q1,208403,177617.00
VA,2003Q2,216718,184507.00
VA,2003Q3,222893,189655.00
VA,2003Q4,228927,194888.00
VA,2004Q1,236444,200959.00
VA,2004Q2,248853,211269.00
VA,2004Q3,261218,221699.00
VA,2004Q4,269338,228856.00
VA,2005Q1,281662,239477.00
VA,2005Q2,299653,254984.00
VA,2005Q3,312454,265948.00
VA,2005Q4,317701,270579.00
VA,2006Q1,322409,274515.00
VA,2006Q2,329650,280750.00
VA,2006Q3,327004,278534.00
VA,2006Q4,325700,277679.00
VA,2007Q1,321238,274254.00
VA,2007Q2,320924,274114.00
VA,2007Q3,314171,268595.00
VA,2007Q4,303058,259288.00
VA,2008Q1,289619,247705.00
VA,2008Q2,285939,244567.00
VA,2008Q3,275794,235929.00
VA,2008Q4,262382,224110.00
VA,2009Q1,256672,219148.00
VA,2009Q2,261149,222997.00
VA,2009Q3,264549,225960.00
VA,2009Q4,267487,228420.00
VA,2010Q1,260603,222720.00
VA,2010Q2,268338,229420.00
VT,2000Q1,136132,120662.00
VT,2000Q2,143083,126744.00
VT,2000Q3,145612,129040.00
VT,2000Q4,149099,131621.00
VT,2001Q1,151296,133463.00
VT,2001Q2,158243,139391.00
VT,2001Q3,159127,139870.00
VT,2001Q4,163171,143444.00
VT,2002Q1,164547,144168.00
VT,2002Q2,170022,148747.00
VT,2002Q3,176044,153651.00
VT,2002Q4,177161,154281.00
VT,2003Q1,178690,155306.00
VT,2003Q2,183621,159370.00
VT,2003Q3,190972,165509.00
VT,2003Q4,195184,168704.00
VT,2004Q1,198719,172122.00
VT,2004Q2,213463,184669.00
VT,2004Q3,217596,187791.00
VT,2004Q4,221545,190667.00
VT,2005Q1,228149,195323.00
VT,2005Q2,240219,205764.00
VT,2005Q3,243639,208519.00
VT,2005Q4,245345,209833.00
VT,2006Q1,242865,207744.00
VT,2006Q2,255893,218541.00
VT,2006Q3,256463,218994.00
VT,2006Q4,261436,223187.00
VT,2007Q1,254895,218494.00
VT,2007Q2,263102,225322.00
VT,2007Q3,258823,222209.00
VT,2007Q4,252247,216487.00
VT,2008Q1,259081,222516.00
VT,2008Q2,250140,215486.00
VT,2008Q3,249007,214420.00
VT,2008Q4,243527,210058.00
VT,2009Q1,243838,208819.00
VT,2009Q2,254222,217763.00
VT,2009Q3,247582,212515.00
VT,2009Q4,235829,202698.00
VT,2010Q1,236358,203483.00
VT,2010Q2,236773,203970.00
WA,2000Q1,185389,161790.00
WA,2000Q2,190082,165395.00
WA,2000Q3,192410,166980.00
WA,2000Q4,192631,166911.00
WA,2001Q1,195309,169123.00
WA,2001Q2,199110,172276.00
WA,2001Q3,202090,174773.00
WA,2001Q4,203055,175404.00
WA,2002Q1,204764,176968.00
WA,2002Q2,210240,181776.00
WA,2002Q3,211975,183364.00
WA,2002Q4,213300,184716.00
WA,2003Q1,215463,186610.00
WA,2003Q2,221294,191760.00
WA,2003Q3,225675,195829.00
WA,2003Q4,228353,198221.00
WA,2004Q1,231798,201462.00
WA,2004Q2,241525,210049.00
WA,2004Q3,248995,216796.00
WA,2004Q4,255440,222737.00
WA,2005Q1,263427,229978.00
WA,2005Q2,277936,243015.00
WA,2005Q3,291073,254949.00
WA,2005Q4,299618,262573.00
WA,2006Q1,310906,272296.00
WA,2006Q2,323746,283320.00
WA,2006Q3,332415,290725.00
WA,2006Q4,336486,294182.00
WA,2007Q1,340606,297596.00
WA,2007Q2,347730,303473.00
WA,2007Q3,346357,302076.00
WA,2007Q4,339120,295565.00
WA,2008Q1,331246,288711.00
WA,2008Q2,330130,287625.00
WA,2008Q3,321082,279613.00
WA,2008Q4,301810,262902.00
WA,2009Q1,289518,251950.00
WA,2009Q2,288691,251509.00
WA,2009Q3,289541,252341.00
WA,2009Q4,284796,248341.00
WA,2010Q1,278485,242989.00
WA,2010Q2,284782,248555.00
WI,2000Q1,127765,114096.00
WI,2000Q2,131572,117380.00
WI,2000Q3,133856,119382.00
WI,2000Q4,134526,119824.00
WI,2001Q1,136214,121275.00
WI,2001Q2,139584,124239.00
WI,2001Q3,142041,126316.00
WI,2001Q4,143307,127217.00
WI,2002Q1,144608,128245.00
WI,2002Q2,147952,131189.00
WI,2002Q3,151236,133896.00
WI,2002Q4,152730,134965.00
WI,2003Q1,154663,136492.00
WI,2003Q2,158288,139655.00
WI,2003Q3,161798,142591.00
WI,2003Q4,163655,144203.00
WI,2004Q1,164388,144775.00
WI,2004Q2,168616,148567.00
WI,2004Q3,172653,152252.00
WI,2004Q4,174957,154185.00
WI,2005Q1,175513,154765.00
WI,2005Q2,180861,159459.00
WI,2005Q3,184167,162226.00
WI,2005Q4,185261,163120.00
WI,2006Q1,186587,163973.00
WI,2006Q2,189969,166814.00
WI,2006Q3,190962,167601.00
WI,2006Q4,189356,166230.00
WI,2007Q1,188068,165077.00
WI,2007Q2,191519,167942.00
WI,2007Q3,190332,166924.00
WI,2007Q4,186856,163875.00
WI,2008Q1,185905,162744.00
WI,2008Q2,185586,162436.00
WI,2008Q3,183921,160977.00
WI,2008Q4,178827,156237.00
WI,2009Q1,177166,154199.00
WI,2009Q2,180561,156791.00
WI,2009Q3,179658,155895.00
WI,2009Q4,178500,154602.00
WI,2010Q1,173526,150131.00
WI,2010Q2,177864,153935.00
WV,2000Q1,82377,67531.00
WV,2000Q2,86348,70674.00
WV,2000Q3,85596,70029.00
WV,2000Q4,85719,70094.00
WV,2001Q1,87352,72029.00
WV,2001Q2,89008,73428.00
WV,2001Q3,91393,75295.00
WV,2001Q4,92227,75910.00
WV,2002Q1,91842,75605.00
WV,2002Q2,96273,79124.00
WV,2002Q3,100687,82736.00
WV,2002Q4,103310,84935.00
WV,2003Q1,106293,87594.00
WV,2003Q2,109807,90518.00
WV,2003Q3,112307,92601.00
WV,2003Q4,113154,93375.00
WV,2004Q1,115592,95246.00
WV,2004Q2,121079,99549.00
WV,2004Q3,125125,103049.00
WV,2004Q4,128191,105548.00
WV,2005Q1,130711,107589.00
WV,2005Q2,135848,111927.00
WV,2005Q3,143128,118028.00
WV,2005Q4,142173,117345.00
WV,2006Q1,147133,121207.00
WV,2006Q2,149163,122839.00
WV,2006Q3,151575,124865.00
WV,2006Q4,149008,122745.00
WV,2007Q1,155142,127957.00
WV,2007Q2,156664,129489.00
WV,2007Q3,159141,131748.00
WV,2007Q4,156063,129094.00
WV,2008Q1,151812,125433.00
WV,2008Q2,154781,128052.00
WV,2008Q3,150295,124776.00
WV,2008Q4,152350,126829.00
WV,2009Q1,147257,123446.00
WV,2009Q2,148040,124768.00
WV,2009Q3,149506,126652.00
WV,2009Q4,145544,123715.00
WV,2010Q1,147858,126273.00
WV,2010Q2,150706,129369.00
WY,2000Q1,112031,95588.00
WY,2000Q2,115862,98731.00
WY,2000Q3,117103,99530.00
WY,2000Q4,119616,101593.00
WY,2001Q1,119782,101766.00
WY,2001Q2,122438,104051.00
WY,2001Q3,124933,105944.00
WY,2001Q4,128856,109293.00
WY,2002Q1,131018,111301.00
WY,2002Q2,135519,115201.00
WY,2002Q3,137793,117297.00
WY,2002Q4,139155,118071.00
WY,2003Q1,139842,118531.00
WY,2003Q2,146879,124593.00
WY,2003Q3,151506,128175.00
WY,2003Q4,151919,128661.00
WY,2004Q1,157326,133341.00
WY,2004Q2,159578,135844.00
WY,2004Q3,165066,140432.00
WY,2004Q4,167468,142341.00
WY,2005Q1,171831,146211.00
WY,2005Q2,179258,152628.00
WY,2005Q3,184571,157215.00
WY,2005Q4,189300,160977.00
WY,2006Q1,195554,166240.00
WY,2006Q2,204529,173439.00
WY,2006Q3,210083,178472.00
WY,2006Q4,217073,183795.00
WY,2007Q1,222704,188399.00
WY,2007Q2,231264,195442.00
WY,2007Q3,235421,198673.00
WY,2007Q4,230159,195266.00
WY,2008Q1,230908,196371.00
WY,2008Q2,229474,195480.00
WY,2008Q3,230797,197705.00
WY,2008Q4,221221,190145.00
WY,2009Q1,214481,184530.00
WY,2009Q2,222368,191196.00
WY,2009Q3,218367,188569.00
WY,2009Q4,214820,185552.00
WY,2010Q1,205535,178503.00
WY,2010Q2,211127,183202.00